Rose lega FANTA LEGA-CULO;;;;;;;;
https://leghe.fantacalcio.it/fanta-lega-culo;;;;;;;;
* Calciatori non più in campionato - Data download 06/07/2026;;;;;;;;
;;;;;;;;
FININVEST FC;;;;;;;;
Ruolo;Calciatore;Squadra;Costo;;;;;
P;Falcone;Lec;10;;;;;
P;Caprile;Cag;3;;;;;
P;Butez;Com;20;;;;;
D;Mina;Cag;2;;;;;
D;Gutierrez;Nap;16;;;;;
D;Dumfries;Int;5;;;;;
D;Dodò;Fio;38;;;;;
D;Bisseck;Int;3;;;;;
D;Idzes;Sas;1;;;;;
D;Ramon;Com;6;;;;;
D;Wesley;Rom;31;;;;;
C;Elmas;Nap;3;;;;;
C;Saelemaekers;Mil;26;;;;;
C;Brescianini;Fio;1;;;;;
C;Caqueret;Com;5;;;;;
C;Casadei;Tor;8;;;;;
C;Isaksen;Laz;31;;;;;
C;Rowe;Bol;4;;;;;
C;Atta;Udi;20;;;;;
A;Nkunku;Mil;28;;;;;
A;Soulè;Rom;59;;;;;
A;Krstovic;Ata;51;;;;;
A;Castro S.;Bol;34;;;;;
A;Kilicsoy;Cag;36;;;;;
A;Ratkov;Laz;21;;;;;
Crediti Residui: 0;;;;;;;;
;;;;;;;;
NIENTE MALE;;;;;;;;
Ruolo;Calciatore;Squadra;Costo;;;;;
P;Gollini;Rom;1;;;;;
P;Svilar;Rom;65;;;;;
P;Zelezny;Rom;1;;;;;
D;Luperto;Cre;1;;;;;
D;Buongiorno;Nap;15;;;;;
D;Pellegrini Lu.;Laz;1;;;;;
D;Di Lorenzo;Nap;43;;;;;
D;Diego Carlos;Com;1;;;;;
D;Gila;Laz;7;;;;;
D;Beukema;Nap;4;;;;;
D;Bartesaghi;Mil;17;;;;;
C;Odgaard;Bol;38;;;;;
C;Rovella;Laz;2;;;;;
C;Fofana Y.;Mil;1;;;;;
C;Thuram K.;Juv;39;;;;;
C;Konè M.;Rom;34;;;;;
C;Baldanzi;Gen;1;;;;;
C;Pierotti;Lec;1;;;;;
C;Karlstrom;Udi;1;;;;;
A;Kean;Fio;125;;;;;
A;Pedro;Laz;1;;;;;
A;Piccoli;Fio;1;;;;;
A;Orban G.;Ver;1;;;;;
A;Meister;Pis;1;;;;;
A;Esposito F.P.;Int;36;;;;;
Crediti Residui: 0;;;;;;;;
;;;;;;;;
OTTAVO;;;;;;;;
Ruolo;Calciatore;Squadra;Costo;;;;;
P;Skorupski;Bol;32;;;;;
P;De Gea;Fio;6;;;;;
P;Muric;Sas;1;;;;;
D;Zappacosta;Ata;4;;;;;
D;Pezzella Giu.;Cre;1;;;;;
D;Gosens;Fio;40;;;;;
D;Martin;Gen;21;;;;;
D;Zappa;Cag;1;;;;;
D;Cambiaso;Juv;40;;;;;
D;Valle;Com;3;;;;;
D;Veiga D.;Lec;1;;;;;
C;De Bruyne;Nap;1;;;;;
C;Matic;Sas;2;;;;;
C;Tramoni M.;Pis;11;;;;;
C;Vlasic;Tor;27;;;;;
C;Ederson D.S.;Ata;15;;;;;
C;Miretti;Juv;1;;;;;
C;Perrone;Com;14;;;;;
C;Baturina;Com;2;;;;;
A;Dybala;Rom;44;;;;;
A;Martinez L.;Int;166;;;;;
A;Dia;Laz;9;;;;;
A;Openda;Juv;10;;;;;
A;Rodriguez Je.;Com;1;;;;;
A;Stulic;Lec;9;;;;;
Crediti Residui: 0;;;;;;;;
;;;;;;;;
I FANALINI;;;;;;;;
Ruolo;Calciatore;Squadra;Costo;;;;;
P;Terracciano;Mil;1;;;;;
P;Maignan;Mil;60;;;;;
P;Torriani;Mil;1;;;;;
D;Acerbi;Int;8;;;;;
D;Djimsiti;Ata;1;;;;;
D;Rrahmani;Nap;6;;;;;
D;Hermoso;Rom;4;;;;;
D;Terracciano F.;Cre;1;;;;;
D;Kelly L.;Juv;9;;;;;
D;Floriani Mussolini;Cre;5;;;;;
D;Bernasconi;Ata;2;;;;;
C;Cristante;Rom;4;;;;;
C;Orsolini;Bol;82;;;;;
C;Pulisic;Mil;85;;;;;
C;Zaniolo;Udi;11;;;;;
C;Malinovskyi;Gen;15;;;;;
C;Fagioli;Fio;2;;;;;
C;Maldini;Laz;10;;;;;
C;Iling Junior;Pis;1;;;;;
A;Morata;Com;1;;;;;
A;Berardi;Sas;83;;;;;
A;Vardy;Cre;15;;;;;
A;Lukaku;Nap;23;;;;;
A;Vlahovic;Juv;1;;;;;
A;Colombo;Gen;4;;;;;
Crediti Residui: 0;;;;;;;;
;;;;;;;;
TURKISH PIZZA&KEBAB DI USLU ISMAIL;;;;;;;;
Ruolo;Calciatore;Squadra;Costo;;;;;
P;Sportiello;Ata;1;;;;;
P;Carnesecchi;Ata;62;;;;;
P;Okoye;Udi;2;;;;;
D;Spinazzola;Nap;22;;;;;
D;Marusic;Laz;3;;;;;
D;N'Dicka;Rom;6;;;;;
D;Gallo;Lec;1;;;;;
D;Bellanova;Ata;27;;;;;
D;Valeri;Par;15;;;;;
D;Lucumì;Bol;4;;;;;
D;Belghali;Ver;2;;;;;
C;Zaccagni;Laz;80;;;;;
C;Freuler;Bol;2;;;;;
C;Locatelli;Juv;6;;;;;
C;Barella;Int;42;;;;;
C;Nicolussi Caviglia;Par;1;;;;;
C;Zhegrova;Juv;1;;;;;
C;Fabbian;Fio;1;;;;;
C;Vergara;Nap;18;;;;;
A;Simeone;Tor;3;;;;;
A;Fullkrug;Mil;21;;;;;
A;Esposito Se.;Cag;15;;;;;
A;De Ketelaere;Ata;25;;;;;
A;Ferguson E.;Rom;10;;;;;
A;Pellegrino M.;Par;50;;;;;
Crediti Residui: 0;;;;;;;;
;;;;;;;;
ALNITAKERS;;;;;;;;
Ruolo;Calciatore;Squadra;Costo;;;;;
P;Audero;Cre;1;;;;;
P;Ravaglia F.;Bol;2;;;;;
P;Provedel;Laz;61;;;;;
D;Bastoni;Int;43;;;;;
D;Miranda J.;Bol;26;;;;;
D;Vojvoda;Com;4;;;;;
D;Vasquez;Gen;6;;;;;
D;Coco;Tor;1;;;;;
D;Palestra;Cag;1;;;;;
D;Solet;Udi;25;;;;;
D;Angori;Pis;3;;;;;
C;Zielinski;Int;29;;;;;
C;Mkhitaryan;Int;9;;;;;
C;McTominay;Nap;85;;;;;
C;Koopmeiners;Juv;1;;;;;
C;Frendrup;Gen;3;;;;;
C;Paz N.;Com;80;;;;;
C;Vandeputte;Cre;1;;;;;
C;Tourè I.;Pis;1;;;;;
A;Pinamonti;Sas;30;;;;;
A;Davis K.;Udi;9;;;;;
A;Vitinha O.;Gen;14;;;;;
A;Kuhn;Com;2;;;;;
A;Giovane;Nap;1;;;;;
A;Bowie;Ver;1;;;;;
Crediti Residui: 0;;;;;;;;
;;;;;;;;
GORGEOUS FC;;;;;;;;
Ruolo;Calciatore;Squadra;Costo;;;;;
P;Meret;Nap;66;;;;;
P;Milinkovic-Savic V.;Nap;10;;;;;
P;Contini;Nap;1;;;;;
D;Bremer;Juv;40;;;;;
D;Kabasele;Udi;1;;;;;
D;Gabbia;Mil;5;;;;;
D;Celik;Rom;13;;;;;
D;Baschirotto;Cre;5;;;;;
D;Olivera;Nap;3;;;;;
D;Doig;Sas;2;;;;;
D;Circati;Par;1;;;;;
C;Pellegrini Lo.;Rom;14;;;;;
C;Modric;Mil;29;;;;;
C;Zambo Anguissa;Nap;26;;;;;
C;Da Cunha;Com;5;;;;;
C;Basic;Laz;1;;;;;
C;Thorstvedt;Sas;4;;;;;
C;Ferguson;Bol;1;;;;;
C;Conceicao;Juv;36;;;;;
A;Bonazzoli;Cre;14;;;;;
A;Scamacca;Ata;73;;;;;
A;Cambiaghi;Bol;1;;;;;
A;Leao;Mil;108;;;;;
A;Moreo;Pis;1;;;;;
A;Laurientè;Sas;10;;;;;
Crediti Residui: 0;;;;;;;;
;;;;;;;;
KAPADOKYA  FC;;;;;;;;
Ruolo;Calciatore;Squadra;Costo;;;;;
P;Suzuki;Par;5;;;;;
P;Corvi;Par;1;;;;;
P;Bijlow;Gen;1;;;;;
D;Lazaro;Tor;5;;;;;
D;Pavlovic;Mil;14;;;;;
D;De Winter;Mil;1;;;;;
D;Ostigard;Gen;2;;;;;
D;Carlos Augusto;Int;20;;;;;
D;Norton-Cuffy;Gen;2;;;;;
D;Kempf;Com;2;;;;;
D;Tiago Gabriel;Lec;1;;;;;
C;Cataldi;Laz;2;;;;;
C;Mandragora;Fio;6;;;;;
C;Mazzitelli;Cag;2;;;;;
C;Gaetano;Cag;1;;;;;
C;Pobega;Bol;1;;;;;
C;Zalewski;Ata;9;;;;;
C;Dele-Bashiru;Laz;10;;;;;
C;Konè I.;Sas;21;;;;;
A;Raspadori;Ata;40;;;;;
A;Thuram;Int;150;;;;;
A;Solomon;Fio;11;;;;;
A;Yildiz;Juv;81;;;;;
A;Adams C.;Tor;2;;;;;
A;Vaz;Rom;4;;;;;
Crediti Residui: 0;;;;;;;;
;;;;;;;;
PINK PANTHER;;;;;;;;
Ruolo;Calciatore;Squadra;Costo;;;;;
P;Perin;Juv;2;;;;;
P;Pinsoglio;Juv;1;;;;;
P;Di Gregorio;Juv;66;;;;;
D;Dimarco;Int;51;;;;;
D;Juan Jesus;Nap;2;;;;;
D;Mancini;Rom;17;;;;;
D;Zortea;Bol;3;;;;;
D;Maripan;Tor;2;;;;;
D;Hien;Ata;7;;;;;
D;Gaspar K.;Lec;1;;;;;
D;Delprato;Par;6;;;;;
C;De Roon;Ata;1;;;;;
C;Politano;Nap;8;;;;;
C;Pasalic;Ata;6;;;;;
C;Calhanoglu;Int;44;;;;;
C;Loftus-Cheek;Mil;15;;;;;
C;Strefezza;Par;11;;;;;
C;Sohm;Bol;4;;;;;
C;Sucic P.;Int;16;;;;;
A;Zapata D.;Tor;13;;;;;
A;David;Juv;109;;;;;
A;Hojlund;Nap;86;;;;;
A;Bonny;Int;2;;;;;
A;Gimenez;Mil;13;;;;;
A;Douvikas;Com;1;;;;;
Crediti Residui: 0;;;;;;;;
;;;;;;;;
CM MINNESOTA;;;;;;;;
Ruolo;Calciatore;Squadra;Costo;;;;;
P;Di Gennaro;Int;1;;;;;
P;Sommer;Int;69;;;;;
P;Martinez Jo.;Int;2;;;;;
D;Romagnoli;Laz;6;;;;;
D;Akanji;Int;18;;;;;
D;Tomori;Mil;8;;;;;
D;Kalulu;Juv;18;;;;;
D;Scalvini;Ata;3;;;;;
D;Gatti;Juv;7;;;;;
D;Comuzzo;Fio;4;;;;;
D;Ahanor;Ata;1;;;;;
C;Rabiot;Mil;37;;;;;
C;Sottil;Lec;1;;;;;
C;Lobotka;Nap;5;;;;;
C;McKennie;Juv;22;;;;;
C;Gudmundsson A.;Fio;69;;;;;
C;Bernabè;Par;5;;;;;
C;Ekkelenkamp;Udi;1;;;;;
C;Taylor K.;Laz;11;;;;;
A;Cancellieri;Laz;1;;;;;
A;Malen;Rom;62;;;;;
A;Sarr A.;Ver;1;;;;;
A;Cheddira;Lec;2;;;;;
A;Addai;Com;13;;;;;
A;Durosinmi;Pis;24;;;;;
Crediti Residui: 0;;;;;;;;